-- MySQL dump 10.13  Distrib 8.0.25, for Linux (x86_64)
--
-- Host: localhost    Database: crimemap
-- ------------------------------------------------------
-- Server version	8.0.25-0ubuntu0.20.04.1

/*!40101 SET @OLD_CHARACTER_SET_CLIENT=@@CHARACTER_SET_CLIENT */;
/*!40101 SET @OLD_CHARACTER_SET_RESULTS=@@CHARACTER_SET_RESULTS */;
/*!40101 SET @OLD_COLLATION_CONNECTION=@@COLLATION_CONNECTION */;
/*!50503 SET NAMES utf8mb4 */;
/*!40103 SET @OLD_TIME_ZONE=@@TIME_ZONE */;
/*!40103 SET TIME_ZONE='+00:00' */;
/*!40014 SET @OLD_UNIQUE_CHECKS=@@UNIQUE_CHECKS, UNIQUE_CHECKS=0 */;
/*!40014 SET @OLD_FOREIGN_KEY_CHECKS=@@FOREIGN_KEY_CHECKS, FOREIGN_KEY_CHECKS=0 */;
/*!40101 SET @OLD_SQL_MODE=@@SQL_MODE, SQL_MODE='NO_AUTO_VALUE_ON_ZERO' */;
/*!40111 SET @OLD_SQL_NOTES=@@SQL_NOTES, SQL_NOTES=0 */;

--
-- Table structure for table `crime`
--

DROP TABLE IF EXISTS `crime`;
/*!40101 SET @saved_cs_client     = @@character_set_client */;
/*!50503 SET character_set_client = utf8mb4 */;
CREATE TABLE `crime` (
  `id` bigint NOT NULL,
  `date_of_crime` date DEFAULT NULL,
  `description` varchar(255) DEFAULT NULL,
  `lat` decimal(8,6) DEFAULT NULL,
  `lon` decimal(8,6) DEFAULT NULL,
  `district_id` bigint DEFAULT NULL,
  `offense_id` bigint DEFAULT NULL,
  PRIMARY KEY (`id`),
  KEY `FKqdp6vsk7qwxuy9rsss50xvsmm` (`district_id`),
  KEY `FK7532ul22bcdvia1w2agemivmq` (`offense_id`),
  CONSTRAINT `FK7532ul22bcdvia1w2agemivmq` FOREIGN KEY (`offense_id`) REFERENCES `offense` (`id`),
  CONSTRAINT `FKqdp6vsk7qwxuy9rsss50xvsmm` FOREIGN KEY (`district_id`) REFERENCES `district` (`id`)
) ENGINE=InnoDB DEFAULT CHARSET=utf8mb4 COLLATE=utf8mb4_0900_ai_ci;
/*!40101 SET character_set_client = @saved_cs_client */;

--
-- Dumping data for table `crime`
--

LOCK TABLES `crime` WRITE;
/*!40000 ALTER TABLE `crime` DISABLE KEYS */;
INSERT INTO `crime` VALUES (1,'2021-06-06','13-jähriger Fahrradfahrer bei Unfall verletzt - Zeugen gesucht',48.802708,9.223545,1,2),(2,'2021-01-08','Anhänger durch Brand beschädigt - Zeugen gesucht',48.813606,9.213103,1,9),(3,'2021-01-12','Auto contra Stadtbahn',48.802758,9.211173,1,2),(4,'2021-04-21','Auto fängt während der Fahrt Feuer',48.807394,9.190535,1,6),(5,'2021-01-01','Beim Abbiegen mit Stadtbahn zusammengestoßen - Zeugen gesucht',48.803145,9.217041,1,2),(6,'2021-04-01','Brand in Mehrfamilienhaus',48.809923,9.252970,1,6),(7,'2021-03-02','Einbrecher unterwegs - Zeugen gesucht',48.801557,9.220121,1,1),(8,'2021-03-09','Einbrüche in Baustellen - Zeugen gesucht',48.815855,9.187851,1,1),(9,'2021-04-16','Einbruch in Badeanstalt - Zeugen gesucht',48.810085,9.222945,1,1),(10,'2021-03-10','Einbruch in Baustelle - Zeugen gesucht',48.802758,9.211173,1,1),(11,'2021-04-16','Einbruch in Baustelle - Zeugen gesucht',48.810954,9.198856,1,1),(12,'2021-03-10','Einbruch in Büro - Zeugen gesucht',48.819050,9.239730,1,1),(13,'2021-01-07','Einbruch in Imbisswagen - Zeugen gesucht',48.801557,9.220121,1,1),(15,'2021-01-11','Fußgänger bei Unfall schwer verletzt',48.798993,9.232889,1,2),(16,'2021-05-01','Fußgängerin angefahren',48.801254,9.219995,1,2),(17,'2021-01-10','Gestohlenes Pizzafahrzeug aufgetaucht - Zeugen gesucht',48.801557,9.220121,1,3),(18,'2021-04-20','In Geschäft eingebrochen - Zeugen gesucht',48.799762,9.214113,1,1),(19,'2021-04-29','In Werkstatt eingebrochen - Zeugen gesucht',48.809228,9.211982,1,1),(20,'2021-03-10','Jugendliche von Exhibitionist belästigt - Zeugen gesucht',48.809607,9.209740,1,4),(21,'2021-03-13','Junge Radfahrerin kollidiert mit Pkw - Zeugen gesucht',48.798576,9.223628,1,2),(22,'2021-04-17','Kind sexuell belästigt - Zeugen gesucht',48.808634,9.229080,1,4),(23,'2021-01-03','Küchenbrand',48.811619,9.236050,1,6),(24,'2021-02-08','Laden ausgeraubt und Bargeld erbeutet - Zeugen gesucht',48.801425,9.235567,1,3),(25,'2021-06-05','Mann schlägt auf Polizisten ein',48.806774,9.243111,1,7),(26,'2021-04-01','Marihuana in Einkaufstüten gefunden',48.815379,9.214843,1,5),(27,'2021-01-08','Mit mutmaßlich gestohlenen Kennzeichen unterwegs',48.809306,9.184029,1,3),(28,'2021-01-26','Mit Stadtbahn kollidiert',48.809227,9.219724,1,2),(29,'2021-05-23','Mit Stadtbahn zusammengestoßen',48.803145,9.217041,1,2),(30,'2021-03-17','Mit Stadtbahn zusammengestoßen',48.803145,9.217041,1,2),(31,'2021-03-01','Motorrad bei Fahrstreifenwechsel übersehen - Zeugen gesucht',48.788730,9.191701,1,2),(32,'2021-04-18','Mountainbikes gestohlen - Zeugen gesucht',48.799762,9.214113,1,3),(33,'2021-01-25','Mülleimerbrand - Zeugen gesucht',48.809923,9.252970,1,6),(35,'2021-02-24','Mutmaßlichen räuberischen Dieb vorläufig festgenommen',48.815855,9.187851,1,3),(36,'2021-03-12','Mutmaßlicher Drängler gefährdet Straßenverkehr - Zeugen gesucht',48.806774,9.243111,1,5),(37,'2021-05-29','Mutmaßlicher Rauschgifthändler vorläufig festgenommen',48.807339,9.217008,1,5),(38,'2021-05-01','Nach Raub schwer verletzt - Zeugen gesucht',48.801385,9.219976,1,3),(39,'2021-05-28','Nach Unfall mit Linienbus - Zeugen gesucht',48.771230,9.178414,1,2),(40,'2021-03-10','Pkw ausgebrannt',48.813606,9.213103,1,6),(41,'2021-02-27','Pkw kollidiert mit Stadtbahn - Zeugen gesucht',48.809227,9.219724,1,2),(42,'2021-01-03','Rabiater Ladendieb',48.802708,9.223545,1,3),(43,'2021-03-12','Radfahrer und Fußgängerin nach Unfall verletzt - Zeugen gesucht',48.802107,9.214985,1,2),(44,'2021-06-09','Staatsanwaltschaft und Polizei Stuttgart geben bekannt: 29-Jähriger verletzt Polizeibeamte - Tatverdächtiger in Haft',48.813621,9.204737,1,7),(45,'2021-01-24','Staatsanwaltschaft und Polizei Stuttgart geben bekannt: Bei Arbeitsunfall tödlich verletzt',48.797321,9.212555,1,2),(46,'2021-04-05','Staatsanwaltschaft und Polizei Stuttgart geben bekannt: Bei Arbeitsunfall tödlich verletzt',48.805348,9.210368,1,2),(47,'2021-06-08','Staatsanwaltschaft und Polizei Stuttgart geben bekannt: Mutmaßliche Drogenhändler festgenommen',48.804374,9.213215,1,5),(48,'2021-01-15','Staatsanwaltschaft und Polizei Stuttgart geben bekannt: Mutmaßliche Drogenhändler festgenommen',48.809228,9.211982,1,5),(49,'2021-04-16','Staatsanwaltschaft und Polizei Stuttgart geben bekannt: Mutmaßliche Ladendiebin festgenommen',48.798993,9.232889,1,3),(50,'2021-06-03','Staatsanwaltschaft und Polizei Stuttgart geben bekannt: Mutmaßlichen Rauschgifthändler nach Flucht festgenommen',48.807394,9.190535,1,5),(51,'2021-04-10','Staatsanwaltschaft und Polizei Stuttgart geben bekannt: Mutmaßliche Rauschgifthändler festgenommen',48.814447,9.231202,1,5),(52,'2021-05-10','Staatsanwaltschaft und Polizei Stuttgart geben bekannt: Mutmaßlicher Dieb bedroht Opfer - Tatverdächtiger festgenommen',48.799762,9.214113,1,3),(53,'2021-04-23','Staatsanwaltschaft und Polizei Stuttgart geben bekannt: Mutmaßlicher Drogenhändler festgenommen',48.809228,9.211982,1,5),(54,'2021-03-07','Staatsanwaltschaft und Polizei Stuttgart geben bekannt: Mutmaßlich rabiater Ladendieb festgenommen',48.778511,9.251055,1,3),(55,'2021-04-23','Staatsanwaltschaft und Polizei Stuttgart geben bekannt: Nach Schlägereien drei Tatverdächtige ermittelt und festgenommen',48.815627,9.213579,1,7),(56,'2021-02-12','Staatsanwaltschaft und Polizei Stuttgart geben bekannt: Nach versuchter Brandstiftung - Tatverdächtige in Haft',48.801557,9.220121,1,6),(57,'2021-03-16','Staatsanwaltschaft und Polizei Stuttgart geben bekannt: Rabiater mutmaßlicher Ladendieb in Haft',48.804737,9.212101,1,3),(58,'2021-05-02','Staatsanwaltschaft und Polizei Stuttgart geben bekannt: Tankstellenräuber festgenommen - Zeugen gesucht',48.803145,9.217041,1,3),(59,'2021-05-29','Staatsanwaltschaft und Polizei Stuttgart geben bekannt: Zweimal am selben Tag festgenommen',48.787521,9.192774,1,7),(60,'2021-01-09','Stadtbahn contra Sattelzug',48.807394,9.190535,1,2),(61,'2021-01-17','Trickbetrüger vorläufig festgenommen',48.774215,9.180529,1,3),(62,'2021-03-20','Unfall bei Einsatzfahrt - Zeugen gesucht',48.806473,9.211952,1,2),(63,'2021-03-08','Unklarer Unfallhergang - Polizei sucht Zeugen',48.818536,9.203075,1,2),(64,'2021-03-18','Verkehrsteilnehmer gefährdet - Zeugen und Geschädigte gesucht',48.803145,9.217041,1,2),(65,'2021-05-04','Von der Fahrbahn abgekommen - Zeugen gesucht',48.805812,9.231557,1,2),(66,'2021-01-20','Von Fahrbahn abgekommen',48.809607,9.209740,1,8),(67,'2021-01-16','Wohnungsbrand im Pflegestift',48.819879,9.225116,1,6),(68,'2021-04-01','Zigaretten aus Discountmarkt gestohlen - Zeugen gesucht',48.798993,9.232889,1,1),(69,'2021-05-06','Zigarettenautomat aus Verankerung gerissen',48.829153,9.234572,1,9),(70,'2021-04-12','In Auto eingebrochen - Zeugen gesucht',48.731999,9.204863,2,1),(71,'2021-02-16','Vier Fahrzeuge nach Unfall beschädigt',48.721084,9.208466,2,2),(72,'2021-06-08','Dreiste Zigarettendiebe im Discountmarkt - Zeugen gesucht',48.781658,9.131344,3,3),(73,'2021-03-30','Einbruch in Einfamilienhaus - Zeugen gesucht',48.773691,9.123245,3,1),(74,'2021-05-28','Jugendliche berauben Passanten - Zeugen gesucht',48.778175,9.131278,3,3),(75,'2021-05-30','Kradfahrer schwer verletzt - Zeugen gesucht',48.781658,9.131344,3,2),(76,'2021-02-26','Von der Fahrbahn abgekommen',48.779773,9.125398,3,2),(78,'2021-04-11','Auto contra Linienbus - zwei Fahrgäste verletzt - Zeugen gesucht',48.741165,9.166723,4,2),(79,'2021-04-17','Autofahrer geflüchtet - Zeugen gesucht',48.754607,9.173915,4,2),(80,'2021-03-09','Auto gestohlen - Zeugen gesucht',48.746589,9.173192,4,3),(81,'2021-01-01','Fahrradfahrer nach Verkehrsunfall schwer verletzt',48.754758,9.185608,4,2),(82,'2021-01-09','In Wohnmobil und Wohnanhänger eingebrochen - Zeugen gesucht',48.744057,9.161131,4,1),(83,'2021-03-02','Mehrere Fahrzeuge aufgebrochen - Zeugen gesucht -',48.744057,9.161131,4,1),(85,'2021-03-27','Mutmaßliche Drogenhändler vorläufig festgenommen',48.755584,9.188047,4,5),(86,'2021-01-02','Mutmaßliche Rauschgifthändler vorläufig festgenommen',48.746953,9.175229,4,5),(87,'2021-02-16','Pedelec gestohlen - Zeugen gesucht',48.764449,9.167732,4,3),(88,'2021-05-06','Polizeiliche Maßnahmen aufgrund von Coronaverstößen',48.804056,9.212431,4,2),(89,'2021-03-27','Radfahrer von Pkw erfasst',48.754758,9.185608,4,2),(90,'2021-04-02','Trickdiebe erbeuten Bargeld - Zeugen gesucht',48.741165,9.166723,4,3),(91,'2021-04-05','14-Jähriger am Steuer eines gestohlenen Fahrzeugs',48.809306,9.184029,5,3),(92,'2021-02-25','45-Jähriger behindert ärztlichen Notdienst',48.817286,9.160611,5,2),(93,'2021-04-07','45-Jähriger behindert Notarzteinsatz',48.817286,9.160611,5,2),(94,'2021-02-26','Auto beschädigt und davongefahren - Zeugen gesucht',48.809188,9.154574,5,2),(95,'2021-05-05','Bei Kontrolle Rauschgift gefunden - Tatverdächtiger verletzt Polizeibeamten',48.803992,9.139499,5,5),(96,'2021-02-14','Brand',48.816942,9.169664,5,6),(97,'2021-04-08','Brand in Gaststätte',48.808802,9.147099,5,6),(98,'2021-03-23','Diebstahl aus Fahrzeug - Zeugen gesucht',48.806755,9.163754,5,3),(99,'2021-02-15','Einbrecher erbeuten Bargeld - Zeugen gesucht',48.807780,9.158027,5,1),(100,'2021-05-08','Einbrecher unterwegs - Zeugen gesucht',48.807755,9.146544,5,1),(101,'2021-04-23','E-Scooter-Fahrer schwer verletzt',48.810446,9.146189,5,2),(102,'2021-04-05','Fahrer mit Pedelec gestürzt und schwer verletzt',48.809188,9.154574,5,2),(103,'2021-04-21','Fahrzeug gestohlen - Zeugen gesucht',48.809306,9.184029,5,3),(104,'2021-02-26','Falsche Personalien bei der theoretischen Führerscheinprüfung angegeben',48.816024,9.178145,5,6),(105,'2021-02-12','Fußgänger gefährdet - Zeugen gesucht',48.812101,9.172420,5,2),(106,'2021-01-02','Handtaschenraub',48.805614,9.158277,5,3),(107,'2021-03-17','In Autos eingebrochen - Zeugen gesucht',48.809306,9.184029,5,1),(108,'2021-04-10','In Gaststätte eingebrochen - Zeugen gesucht',48.808802,9.147099,5,1),(109,'2021-02-07','In Vereinsheim eingebrochen - Zeugen gesucht',48.809132,9.137058,5,1),(110,'2021-01-15','Marihuana-Plantage im Keller gefunden',48.808802,9.147099,5,5),(111,'2021-01-21','Mehrere Autospiegel beschädigt - Zeugen und weitere Geschädigte gesucht',48.757846,9.129233,5,9),(112,'2021-03-03','Mutmaßlicher Handtaschenräuber geflüchtet - Zeugen gesucht',48.807755,9.146544,5,3),(113,'2021-03-25','Nach Weg gefragt und dann beraubt - Zeugen gesucht',48.791308,9.169875,5,3),(114,'2021-03-25','Pedelec-Fahrer bei Zusammenstoß schwer verletzt',48.815756,9.168839,5,2),(115,'2021-01-12','Pkw in Brand geraten',48.809188,9.154574,5,6),(116,'2021-02-06','Pkw von der Straße abgekommen - drei Verletzte',48.812598,9.144031,5,2),(117,'2021-04-21','Staatsanwaltschaft und Polizei Stuttgart geben bekannt: Mann schlägt Frau mutmaßlich mehrmals ins Gesicht',48.803992,9.139499,5,7),(118,'2021-04-13','Staatsanwaltschaft und Polizei Stuttgart geben bekannt: Mit falscher Identitätskarte ausgewiesen - 30-Jährigen festgenommen',48.816942,9.169664,5,5),(119,'2021-02-14','Staatsanwaltschaft und Polizei Stuttgart geben bekannt: Mit gefälschten Dokumenten unterwegs - zwei Tatverdächtige in Haft',48.816412,9.175154,5,5),(120,'2021-02-11','Staatsanwaltschaft und Polizei Stuttgart geben bekannt: Mutmaßliche Automatensprenger in Haft',48.816942,9.169664,5,5),(121,'2021-01-20','Staatsanwaltschaft und Polizei Stuttgart geben bekannt: Tatverdächtiger nach Fund von gefälschten Dokumenten in Haft',48.816942,9.169664,5,5),(122,'2021-02-12','Trickdiebe erbeuten Bargeld - Zeugen gesucht',48.809188,9.154574,5,3),(123,'2021-01-27','Trickdiebstahl - Zeugen gesucht',48.809188,9.154574,5,3),(124,'2021-03-12','Trio bei mutmaßlichem Einbruchsversuch ertappt und geflüchtet',48.808802,9.147099,5,1),(125,'2021-01-17','Vorfahrt missachtet',48.809239,9.161958,5,2),(126,'2021-02-23','Wohnungsbrand',48.809188,9.154574,5,6),(127,'2021-04-12','86-Jähriger mit Pistole bedroht - Zeugen gesucht',48.757507,9.249292,6,7),(128,'2021-02-13','Hydraulikhammer gestohlen - Zeugen gesucht',48.760903,9.257238,6,3),(129,'2021-02-06','In Büroräume eingebrochen - Zeugen gesucht',48.751597,9.262657,6,1),(130,'2021-01-23','In Büroräume eingebrochen - Zeugen gesucht',48.751597,9.262657,6,1),(131,'2021-03-26','Mehrere Gartenhäuser aufgebrochen - Zeugen gesucht',48.754170,9.225723,6,1),(132,'2021-01-05','Mit Ampelmast zusammengestoßen',48.763247,9.264223,6,2),(133,'2021-03-11','Mutmaßlicher Einbrecher vorläufig festgenommen',48.751597,9.262657,6,1),(134,'2021-04-03','Staatsanwaltschaft und Polizei Stuttgart geben bekannt: Mutmaßlicher Betrüger festgenommen',48.759937,9.254062,6,3),(135,'2021-01-19','Unfall mit Radfahrer - Zeugen gesucht',48.753843,9.260262,6,2),(136,'2021-04-27','Polizeieinsatz anlässlich einer Versammlung - Nachtrag',48.804977,9.214687,14,7),(137,'2021-03-10','Polizeieinsatz anlässlich einer Versammlung',48.804977,9.214687,14,8),(138,'2021-02-03','Radfahrer nach Überholvorgang gestürzt',48.745340,9.133755,18,2),(139,'2021-02-23','24-Jähriger ausgeraubt - Zeugen gesucht',48.771416,9.178920,14,3),(140,'2021-02-10','Außenspiegel und Blinker gestohlen',48.776859,9.173214,14,3),(141,'2021-01-05','Auto beschädigt - Zeugen gesucht',48.769964,9.187049,14,9),(142,'2021-03-16','Auto in Brand geraten',48.783399,9.174876,14,6),(143,'2021-03-17','Bei Arbeitsunfall lebensgefährlich verletzt',48.782018,9.184632,14,2),(144,'2021-01-10','Bei Auseinandersetzung schwer verletzt - Zeugen gesucht',48.779304,9.176476,14,7),(145,'2021-03-30','Brand',48.765018,9.176378,14,6),(146,'2021-04-11','Brand in Mehrfamilienhaus',48.765018,9.176378,14,6),(147,'2021-01-24','Bundesstraße blockiert - Zeugen und Geschädigte gesucht',48.775418,9.183498,14,6),(148,'2021-05-25','Diebstahl aus Fahrzeug - Zeugen gesucht',48.773027,9.183397,14,3),(149,'2021-03-04','Diebstahl aus Postfahrzeug - Zeugen gesucht',48.770534,9.173476,14,3),(150,'2021-01-26','Einbrecher unterwegs - Zeugen gesucht',48.771230,9.178414,14,1),(151,'2021-03-25','Einbrecher unterwegs - Zeugen gesucht',48.782300,9.181893,14,1),(152,'2021-02-18','Einbrecher unterwegs - Zeugen gesucht',48.767361,9.183205,14,1),(153,'2021-02-25','Einbrecher unterwegs - Zeugen gesucht',48.771331,9.177230,14,1),(154,'2021-04-18','Einbruch in Baustelle - Zeugen gesucht',48.775542,9.173359,14,1),(155,'2021-05-13','Einsatzgeschehen am Samstagabend',48.782300,9.181893,14,9),(156,'2021-04-09','Exhibitionist unterwegs - Zeugen gesucht',48.783045,9.181660,14,4),(157,'2021-03-25','Fahrzeug aufgebrochen - Zeugen gesucht',48.770740,9.178538,14,1),(158,'2021-04-29','Fahrzeugbrand in Tiefgarage - Zeugen gesucht',48.783887,9.179249,14,6),(159,'2021-01-09','Frauen sexuell belästigt - Zeugen und Geschädigte gesucht',48.778054,9.172360,14,4),(160,'2021-03-18','Fußgängerin und Radfahrer stoßen zusammen - Zeugen gesucht',48.764905,9.168376,14,2),(161,'2021-04-03','In Praxis eingebrochen - Zeugen gesucht',48.759995,9.161240,14,1),(162,'2021-05-18','In Tiefgarage randaliert und Brandalarm ausgelöst - Zeugen gesucht',48.777566,9.180043,14,9),(163,'2021-01-02','Jugendliche Ladendiebin wird handgreiflich',48.782300,9.181893,14,3),(164,'2021-03-16','Jugendlicher bei mutmaßlichem Raub schwer verletzt - Zeugen gesucht',48.782300,9.181893,14,3),(165,'2021-04-11','Jugendliche sexuell belästigt und 32-jährige Helferin geschlagen',48.781769,9.180655,14,4),(166,'2021-03-23','Junge Frau sexuell belästigt',48.781308,9.176896,14,4),(167,'2021-02-12','Ladendiebe geflüchtet - Zeugen gesucht',48.782300,9.181893,14,3),(168,'2021-04-07','Mann beraubt - Zeugen gesucht',48.783887,9.179249,14,3),(169,'2021-03-15','Mann überfallen - Zeugen gesucht',48.778136,9.167839,14,3),(170,'2021-05-04','Mann von zwei Tätern ausgeraubt - Zeugen gesucht',48.773081,9.180613,14,3),(171,'2021-02-09','Mann will Verkehr regeln - Zeugen gesucht',48.775418,9.183498,14,7),(172,'2021-01-02','Mann zu Boden geschlagen - Zeugen gesucht',48.772885,9.182605,14,7),(173,'2021-05-15','Mutmaßliche Graffitisprayer vorläufig festgenommen',48.773828,9.177569,14,9),(174,'2021-02-19','Mutmaßlicher Dieb stiehlt aus Transporter und flüchtet - Zeugen gesucht',48.774464,9.173647,14,3),(175,'2021-01-29','Mutmaßlicher Drogenhändler festgenommen',48.767361,9.183205,14,5),(176,'2021-04-04','Mutmaßlicher Randalierer bedroht Passanten und hält Fahrzeuge an - Zeugen und Geschädigte gesucht',48.775645,9.187896,14,7),(177,'2021-05-27','Mutmaßlicher Randalierer wehrt sich gegen vorläufige Festnahme - Umstehende solidarisieren sich',48.790673,9.183055,14,7),(178,'2021-01-19','Mutmaßlicher Schwarzfahrer wehrt sich gegen Kontrolle',48.787512,9.182094,14,8),(179,'2021-01-08','Mutmaßlich medizinischer Notfall im Straßenverkehr - Zeugen gesucht',48.782884,9.187576,14,2),(180,'2021-01-13','Nach Auseinandersetzung bestohlen - Zeugen gesucht',48.771413,9.165970,14,3),(181,'2021-03-27','Nach mutmaßlicher Bedrohung - 30-Jährigen vorläufig festgenommen',48.776613,9.185802,14,7),(182,'2021-04-29','Nach Raub geflüchtet - Zeugen gesucht',48.772404,9.180002,14,3),(183,'2021-03-22','Nächtliche Zusammenkunft in Tiefgarage',48.784161,9.178604,14,7),(184,'2021-02-23','Nach vorläufiger Festnahme - Polizeibeamte attackiert',48.775021,9.171789,14,7),(185,'2021-06-02','Offenbar gestohlene Taschen lösen Polizeieinsatz aus',48.774464,9.173647,14,3),(186,'2021-02-25','Parfum gestohlen',48.782300,9.181893,14,3),(187,'2021-04-18','Passantin ausgeraubt - Zeugen gesucht',48.773027,9.183397,14,3),(188,'2021-04-02','Polizeieinsatz in der Innenstadt',48.782300,9.181893,14,9),(189,'2021-03-06','Rabiater 34-Jähriger versprüht Reizgas',48.764905,9.168376,14,7),(190,'2021-01-27','Rabiater 42-Jähriger beschädigt mutmaßlich Stadtbahn',48.775577,9.182998,14,9),(191,'2021-01-26','Rabiater Dieb vorläufig festgenommen',48.782300,9.181893,14,3),(192,'2021-03-08','Rabiater Ladendieb geflüchtet -Zeugen gesucht',48.774086,9.187123,14,3),(193,'2021-02-22','Rabiater Ladendieb vorläufig festgenommen',48.775645,9.187896,14,3),(194,'2021-03-09','Raub - Zeugen gesucht',48.782300,9.181893,14,3),(195,'2021-03-13','Rollerfahrer schwer verletzt',48.809306,9.184029,14,2),(196,'2021-06-02','Sicherheitspersonal von Exhibitionist belästigt - Zeugen gesucht',48.787512,9.182094,14,4),(197,'2021-05-01','Staatsanwaltschaft und Polizei geben bekannt: 16-Jähriger schwer verletzt - Zeugen gesucht',48.782300,9.181893,14,7),(198,'2021-01-23','Staatsanwaltschaft und Polizei Stuttgart geben bekannt: Manipulationswerkzeuge gefunden - Tatverdächtige in Haft',48.781769,9.180655,14,9),(199,'2021-04-12','Staatsanwaltschaft und Polizei Stuttgart geben bekannt: Mit Falschgeld bezahlt - Tatverdächtiger festgenommen',48.775021,9.171789,14,3),(200,'2021-02-21','Staatsanwaltschaft und Polizei Stuttgart geben bekannt: Mit Haftbefehl gesuchter rabiater Ladendieb festgenommen',48.773885,9.171880,14,3),(201,'2021-04-10','Staatsanwaltschaft und Polizei Stuttgart geben bekannt: Mit Messer verletzt - 17-jähriger Tatverdächtiger ermittelt und festgenommen',48.774086,9.187123,14,7),(202,'2021-04-21','Staatsanwaltschaft und Polizei Stuttgart geben bekannt: Mutmaßliche Diebe festgenommen',48.773027,9.183397,14,3),(203,'2021-05-07','Staatsanwaltschaft und Polizei Stuttgart geben bekannt: Mutmaßliche Drogenhändler festgenommen',48.783887,9.179249,14,5),(204,'2021-04-28','Staatsanwaltschaft und Polizei Stuttgart geben bekannt: Mutmaßliche Ladendiebe festgenommen',48.782300,9.181893,14,3),(205,'2021-05-12','Staatsanwaltschaft und Polizei Stuttgart geben bekannt: Mutmaßliche Ladendiebin festgenommen',48.774215,9.180529,14,3),(206,'2021-04-17','Staatsanwaltschaft und Polizei Stuttgart geben bekannt: Mutmaßlichen Drogenhändler festgenommen',48.778323,9.170128,14,5),(207,'2021-02-20','Staatsanwaltschaft und Polizei Stuttgart geben bekannt: Mutmaßlichen Flaschenwerfer festgenommen',48.777566,9.180043,14,9),(208,'2021-04-12','Staatsanwaltschaft und Polizei Stuttgart geben bekannt: Mutmaßlichen Ladendieb auf frischer Tat ertappt',48.782300,9.181893,14,3),(209,'2021-01-30','Staatsanwaltschaft und Polizei Stuttgart geben bekannt: Mutmaßlichen Ladendieb auf frischer Tat ertappt und festgenommen',48.782300,9.181893,14,3),(210,'2021-01-18','Staatsanwaltschaft und Polizei Stuttgart geben bekannt: Mutmaßlichen Ladendieb festgenommen',48.782300,9.181893,14,3),(211,'2021-05-14','Staatsanwaltschaft und Polizei Stuttgart geben bekannt: Mutmaßlichen Ladendieb nach kurzer Flucht festgenommen',48.782300,9.181893,14,3),(212,'2021-03-15','Staatsanwaltschaft und Polizei Stuttgart geben bekannt: Mutmaßlichen rabiaten Ladendieb festgenommen',48.782300,9.181893,14,3),(213,'2021-02-10','Staatsanwaltschaft und Polizei Stuttgart geben bekannt: Mutmaßlichen rabiaten Ladendieb festgenommen',48.782300,9.181893,14,3),(214,'2021-05-11','Staatsanwaltschaft und Polizei Stuttgart geben bekannt: Mutmaßliche Rauschgifthändler festgenommen',48.778323,9.170128,14,5),(215,'2021-01-13','Staatsanwaltschaft und Polizei Stuttgart geben bekannt: Mutmaßlicher Drogenhändler festgenommen',48.773081,9.180613,14,5),(216,'2021-06-04','Staatsanwaltschaft und Polizei Stuttgart geben bekannt: Mutmaßlicher Ladendieb festgenommen',48.782300,9.181893,14,3),(217,'2021-03-02','Staatsanwaltschaft und Polizei Stuttgart geben bekannt: Mutmaßlicher Ladendieb in Haft',48.782300,9.181893,14,3),(218,'2021-02-03','Staatsanwaltschaft und Polizei Stuttgart geben bekannt: Mutmaßlicher Rauschgifthändler festgenommen',48.783045,9.181660,14,5),(219,'2021-04-22','Staatsanwaltschaft und Polizei Stuttgart geben bekannt: Mutmaßlicher Rauschgifthändler festgenommen',48.787512,9.182094,14,5),(220,'2021-03-17','Staatsanwaltschaft und Polizei Stuttgart geben bekannt: Mutmaßlicher Rauschgifthändler festgenommen',48.775282,9.171523,14,5),(221,'2021-06-08','Staatsanwaltschaft und Polizei Stuttgart geben bekannt: Mutmaßlicher Rauschgifthändler festgenommen',48.775577,9.182998,14,5),(222,'2021-03-28','Staatsanwaltschaft und Polizei Stuttgart geben bekannt: Mutmaßlicher Urkundenfälscher festgenommen',48.773081,9.180613,14,5),(223,'2021-04-12','Staatsanwaltschaft und Polizei Stuttgart geben bekannt: Rabiater Dieb bestiehlt und bedroht Straßenmusiker - Zeugen gesucht',48.782300,9.181893,14,3),(224,'2021-03-17','Staatsanwaltschaft und Polizei Stuttgart geben bekannt: Rabiater Ladendieb festgenommen - Zeugen gesucht',48.781769,9.180655,14,3),(225,'2021-05-20','Staatsanwaltschaft und Polizei Stuttgart geben bekannt: Tatverdächtiger nach Messerangriff in Haft',48.777566,9.180043,14,7),(226,'2021-03-03','Staatsanwaltschaft und Polizei Stuttgart geben bekannt: Verschreibungspflichtige Medikamente weiterverkauft',48.770587,9.172468,14,5),(227,'2021-01-04','Tabakautomat aufgebrochen - Täterfestnahme',48.777865,9.169305,14,1),(228,'2021-02-05','Unbekannte versucht Kind aus Kinderwagen zu nehmen - Zeugen gesucht',48.783045,9.181660,14,3),(229,'2021-03-29','Unfall beim Spurwechsel - Verletzte Frau gesucht',48.784161,9.178604,14,2),(230,'2021-04-19','Unfallflucht - Zeugen gesucht',48.783488,9.167923,14,2),(231,'2021-02-06','Unfall mit drei Radfahrern - Zeugen gesucht',48.775463,9.182259,14,2),(232,'2021-02-03','Vor Kontrolle geflüchtet und Widerstand geleistet',48.783929,9.178750,14,8),(233,'2021-02-06','16-Jährige stürzt von Wavescooter',48.725154,9.160195,7,2),(234,'2021-04-17','Autofahrer flüchtet nach Unfall mit Pedelec - Zeugen gesucht',48.727299,9.149848,7,2),(235,'2021-06-08','Autoreifen zerstochen - Zeugen und weitere Geschädigte gesucht',48.719426,9.153088,7,9),(236,'2021-06-05','Brand in Mehrfamilienhaus',48.730193,9.146655,7,6),(237,'2021-02-02','Brand in Zweifamilienhaus',48.722781,9.141943,7,6),(238,'2021-05-17','Drei Autos und Stromverteilerkasten beschädigt - Zeugen gesucht',48.726051,9.146396,7,2),(239,'2021-04-24','Entwendeter Pkw wieder aufgefunden - Zeugen gesucht',48.726051,9.146396,7,3),(240,'2021-05-03','Erst Starthilfe erhalten, dann geflüchtet - Zeugen gesucht',48.723799,9.156907,7,2),(241,'2021-04-09','Exhibitionist aufgetreten - Zeugen gesucht',48.729228,9.130042,7,4),(242,'2021-05-25','Fahrradfahrer schwer verletzt',48.843363,9.231590,7,2),(243,'2021-02-07','Fahrzeug überschlagen',48.717707,9.144185,7,2),(244,'2021-05-15','Gegenverkehr mutmaßlich gefährdet - Zeugen und Geschädigte gesucht',48.727299,9.149848,7,2),(245,'2021-04-02','Geldbeutel unbemerkt erbeutet - Zeugen gesucht',48.723799,9.156907,7,3),(246,'2021-06-02','In Autos eingestiegen - Zeugen gesucht',48.720318,9.146662,7,3),(247,'2021-02-17','In Jugendhaus eingebrochen - Zeugen gesucht',48.709918,9.158467,7,1),(248,'2021-05-08','Jugendlicher ausgeraubt - Zeugen gesucht',48.734243,9.151906,7,3),(249,'2021-03-14','Kleintraktor unberechtigt benutzt - Zeugen gesucht',48.726051,9.146396,7,9),(250,'2021-01-30','Mit gestohlenem Fahrzeug vor der Polizei geflüchtet-Tatverdächtige festgenommen',48.721554,9.157855,7,3),(251,'2021-06-07','Mit gestohlenem Fahrzeug vor der Polizei geflüchtet-Zeugen gesucht',48.726093,9.137519,7,3),(252,'2021-05-09','Mutmaßlich gestohlenen Traktor wieder gefunden - Zeugen gesucht',48.725343,9.142211,7,3),(253,'2021-03-14','Nach Diebstahl von Wohnmobil - Fahrzeug aufgefunden',48.729734,9.143459,7,3),(254,'2021-03-01','Nach Unfall geflüchtet - Zeugen gesucht',48.725642,9.152202,7,2),(255,'2021-05-25','Nach Unfall geflüchtet - Zeugen gesucht',48.729228,9.130042,7,2),(256,'2021-05-15','Offenbar Vorfahrt missachtet - zwei Personen verletzt',48.723463,9.125345,7,2),(257,'2021-05-14','Räumfahrzeug in Graben gekippt - Glätteunfälle im Stadtgebiet',48.701203,9.210314,7,2),(258,'2021-01-26','Rollerfahrer schwer verletzt - Zeugen gesucht',48.729228,9.130042,7,2),(259,'2021-01-03','Seniorin betrogen',48.733737,9.138723,7,3),(260,'2021-03-29','Staatsanwaltschaft und Polizei Stuttgart geben bekannt: Lkw-Fahrer tödlich verletzt',48.727630,9.130799,7,2),(261,'2021-03-07','Traktor entwendet - Zeugen gesucht',48.725343,9.142211,7,3),(262,'2021-03-30','Verkehrsteilnehmer gefährdet - Zeugen gesucht',48.725642,9.152202,7,2),(263,'2021-01-30','Wer hatte grün? - Unfallzeugen gesucht',48.728489,9.130747,7,2),(264,'2021-05-16','Wer hatte grün? - Zeugen gesucht',48.720365,9.129569,7,2),(265,'2021-05-23','Wohnmobil gestohlen - Zeugen gesucht',48.729734,9.143459,7,3),(266,'2021-02-19','Automatenaufbruch gescheitert - Zeugen gesucht',48.828473,9.211533,8,3),(267,'2021-04-13','Einbrecher unterwegs - Zeugen gesucht',48.834840,9.235990,8,1),(268,'2021-03-08','Fenster an Schule eingeworfen - Zeugen gesucht',48.843971,9.211352,8,9),(269,'2021-02-27','Feuerwehrfahrzeug behindert - Zeugen gesucht',48.842152,9.233105,8,6),(270,'2021-03-25','Gartenhäuser aufgebrochen - Zeugen gesucht',48.840942,9.235272,8,1),(271,'2021-05-12','Kleinkrafträder und E-Scooter gestohlen - Zeugen gesucht',48.839252,9.205663,8,3),(272,'2021-04-29','Mutmaßliches Diebesgut aufgefunden - Eigentümer gesucht',48.838964,9.231495,8,3),(273,'2021-05-11','Nach Fahrmanöver gegen Baum gefahren - Zeugen gesucht',48.842152,9.233105,8,2),(274,'2021-05-08','Pedelec gestohlen - Zeugen gesucht',48.839252,9.205663,8,3),(275,'2021-03-18','Pkw kollidiert mit Stadtbahn - Zeugen gesucht',48.828473,9.211533,8,2),(276,'2021-01-22','Rabiaten mutmaßlichen Ladendieb vorläufig festgenommen',48.842152,9.233105,8,3),(277,'2021-01-14','Rauschgifthändler vorläufig festgenommen',48.843560,9.215600,8,5),(278,'2021-02-11','Rollerfahrerin bei Unfall leicht verletzt - Zeugen gesucht',48.843971,9.211352,8,2),(279,'2021-01-14','Trickdiebe unterwegs - Zeugen und Geschädigte gesucht',48.832695,9.229445,8,3),(280,'2021-04-23','Unbekannter belästigt Frauen - Zeugen gesucht',48.843971,9.211352,8,4),(281,'2021-05-03','Wohnungseinbruch - Zeugen gesucht',48.834165,9.204760,8,1),(282,'2021-01-23','Mehrere Kanaldeckel aus Straße gehoben - Zeugen gesucht',48.820700,9.226492,9,9),(283,'2021-02-03','Roller gestohlen - Zeugen gesucht',48.819989,9.222629,9,3),(284,'2021-01-30','18-Jährige sexuell belästigt - Zeugen gesucht',48.783045,9.181660,15,4),(285,'2021-03-09','Einbrecher unterwegs - Zeugen gesucht',48.792461,9.157313,15,1),(286,'2021-01-08','Einbrecher unterwegs - Zeugen gesucht',48.787228,9.168338,15,1),(287,'2021-01-28','Einbrecher unterwegs - Zeugen gesucht',48.796283,9.179769,15,1),(288,'2021-04-16','Fahrer eines E-Scooter bei Zusammenstoß schwer verletzt',48.775103,9.136649,15,2),(289,'2021-02-06','Fahrzeug gestohlen - Zeugen gesucht',48.804959,9.188140,15,3),(290,'2021-02-16','Frau von Exhibitionist belästigt - Zeugen gesucht',48.804546,9.189624,15,4),(291,'2021-06-10','Handy geraubt - Zeugen gesucht',48.809306,9.184029,15,3),(292,'2021-02-13','Hund bei Verkehrsunfall getötet, Verursacher geflüchtet - Zeugen gesucht',48.804546,9.189624,15,2),(293,'2021-03-03','In Baucontainer eingebrochen - Zeugen gesucht',48.797220,9.193096,15,1),(294,'2021-04-18','Küchenbrand',48.808504,9.180266,15,6),(295,'2021-05-21','Marihuana angebaut - Tatverdächtiger festgenommen',48.792930,9.183878,15,5),(296,'2021-05-16','Mit gestohlenem Kennzeichen unterwegs und Unfall verursacht - Zeugen gesucht',48.790105,9.174897,15,3),(297,'2021-05-15','Mountainbike und Pedelec gestohlen - Zeugen gesucht',48.792930,9.183878,15,3),(298,'2021-02-06','Mutmaßliche Diebe vorläufig festgenommen - Zeugen und weitere Geschädigte gesucht',48.792002,9.161019,15,3),(299,'2021-04-05','Mutmaßlichen Dieb vorläufig festgenommen',48.778287,9.147788,15,3),(300,'2021-06-04','Mutmaßlichen Räuber vorläufig festgenommen',48.798209,9.182027,15,3),(301,'2021-04-29','Mutmaßlicher Rauschgifthändler vorläufig festgenommen',48.804546,9.189624,15,5),(302,'2021-03-09','Rabiater 21-Jähriger mutmaßlich ohne Fahrschein unterwegs',48.797279,9.193994,15,7),(303,'2021-01-10','Rabiater Autofahrer fährt drei Mitarbeiter der Abfallwirtschaft Stuttgart an und flüchtet',48.788576,9.170549,15,2),(304,'2021-04-18','Rotlichtüberwachung',48.809306,9.184029,15,5),(305,'2021-01-25','Stein auf Autos geworfen - Zeugen gesucht',48.804546,9.189624,15,9),(306,'2021-02-04','Trickdieb unterwegs - Zeugen gesucht',48.801218,9.175039,15,3),(307,'2021-02-10','Unklarer Unfallhergang - Polizei sucht Zeugen',48.804546,9.189624,15,2),(308,'2021-02-19','Unklarer Unfallhergang - Zeugen gesucht',48.809306,9.184029,15,2),(309,'2021-06-05','Wer hatte Grün? - Zeugen gesucht',48.809306,9.184029,15,2),(310,'2021-01-20','Wohnungseinbrecher unterwegs - Zeugen gesucht',48.805369,9.189458,15,1),(311,'2021-01-03','Taschendieb macht Beute - Zeugen gesucht',48.763665,9.268288,10,3),(312,'2021-06-08','31-Jähriger bei Auseinandersetzung leicht verletzt - Zeugen gesucht',48.763665,9.268288,10,7),(313,'2021-04-11','Körperliche Auseinandersetzung zwischen mehreren Personen',48.763665,9.268288,10,9),(314,'2021-01-18','Pedelec mit Pkw zusammengestoßen - Zeugen gesucht',48.775862,9.279279,10,2),(316,'2021-03-28','Vor Kontrolle geflüchtet und Widerstand geleistet',48.762440,9.270779,10,8),(317,'2021-02-08','Vor Kontrolle geflüchtet und Widerstand geleistet',48.762440,9.270779,10,8),(318,'2021-04-03','Auto gestohlen - Zeugen gesucht',48.778864,9.207207,16,3),(319,'2021-02-25','Beim Einparken offenbar Gas-und Bremspedal verwechselt - Eine Leichtverletzte',48.779333,9.203167,16,2),(320,'2021-03-02','Bewohner überrascht Einbrecher - Zeugen gesucht',48.787879,9.207696,16,1),(321,'2021-01-30','Brand in Lagerraum',48.790739,9.208027,16,6),(322,'2021-01-30','Containerbrand - Zeugen gesucht',48.797216,9.209555,16,6),(323,'2021-01-12','Diebstahl aus Fahrzeug - Zeugen gesucht',48.777581,9.194377,16,3),(324,'2021-02-25','Einbrecher unterwegs - Zeugen gesucht',48.787521,9.192774,16,1),(325,'2021-03-04','Einbrecher unterwegs - Zeugen gesucht',48.779685,9.202711,16,1),(326,'2021-05-24','Einbruch in Baustelle - Zeugen gesucht',48.790739,9.208027,16,1),(327,'2021-03-15','Exhibitionist belästigt Jugendliche - Zeugen gesucht',48.785907,9.207657,16,4),(328,'2021-01-24','Fahrzeugbatterien und Kompletträder gestohlen - Zeugen gesucht',48.784171,9.219678,16,3),(329,'2021-02-08','Fußgänger angefahren',48.779871,9.204886,16,2),(330,'2021-01-27','Jugendlicher von zwei Tätern ausgeraubt',48.783983,9.207785,16,3),(331,'2021-05-15','Kind kreuzt Fahrspur - Fahrradfahrerin gestürzt - Zeugen gesucht',48.788730,9.191701,16,2),(332,'2021-04-29','Manipulation an Bankautomat - Präventionstipps der Polizei',48.789555,9.206976,16,3),(333,'2021-01-02','Mann greift offenbar mitten auf der Straße Polizeibeamte an - Zeugen gesucht',48.782581,9.188485,16,7),(334,'2021-05-25','Mülltonne und Kleinkraftrad in Brand gesetzt',48.787521,9.192774,16,6),(335,'2021-01-30','Mutmaßlichen Rauschgifthändler vorläufig festgenommen',48.787512,9.182094,16,7),(336,'2021-05-01','Neunjährige nach Sturz schwer verletzt',48.788900,9.210527,16,2),(337,'2021-01-22','Neunjähriger geschlagen - Zeugen gesucht',48.781620,9.203619,16,7),(338,'2021-06-10','Polizei warnt vor Betrugsmasche mit minderwertigen Uhren',48.778009,9.194025,16,3),(339,'2021-04-08','Schlägerei - Zeugen gesucht',48.785907,9.207657,16,7),(340,'2021-04-13','Staatsanwaltschaft Heilbronn und Polizei Stuttgart geben bekannt: 19-Jähriger greift Arbeiter mit Messer an',48.766560,9.200488,16,3),(341,'2021-02-03','Staatsanwaltschaft und Polizei Stuttgart geben bekannt: Mutmaßlichen Brandstifter festgenommen',48.788900,9.210527,16,6),(342,'2021-03-19','Staatsanwaltschaft und Polizei Stuttgart geben bekannt: Mutmaßliche Trickdiebinnen festgenommen',48.787521,9.192774,16,3),(343,'2021-04-23','Trickdiebe unterwegs - Zeugen und weitere Geschädigte gesucht',48.794772,9.206537,16,3),(344,'2021-01-05','Trickdieb unterwegs - Zeugen gesucht',48.782053,9.216964,16,3),(345,'2021-04-29','Unfall mit zwei Radfahrerinnen - Zeugen gesucht',48.782581,9.188485,16,2),(346,'2021-05-23','Von Unfallstelle geflüchtet - Zeugen gesucht',48.789555,9.206976,16,2),(347,'2021-01-22','Wohnungseinbrecher unterwegs - Zeugen gesucht',48.761790,9.224503,16,1),(348,'2021-03-12','Einbrecher unterwegs - Zeugen gesucht',48.701162,9.220676,11,1),(349,'2021-02-03','Fahrradfahrerin bei Unfall schwer verletzt',48.697010,9.219143,11,2),(350,'2021-02-06','Geldautomatenaufbrecher unterwegs - Zeugen gesucht',48.703726,9.217494,11,9),(351,'2021-06-01','Lkw mit Ladekran umgekippt',48.716291,9.201206,11,2),(352,'2021-06-04','Offenbar Rotlicht missachtet - Kradlenker schwer verletzt',48.700545,9.202936,11,2),(353,'2021-04-01','Seniorin angefahren und schwer verletzt',48.703580,9.208498,11,2),(354,'2021-04-12','Einbrecher unterwegs - Zeugen gesucht',48.743330,9.217252,12,1),(355,'2021-03-07','Handtasche geraubt - Zeugen gesucht',48.726439,9.211072,12,3),(356,'2021-03-31','Mutmaßliche Fahrraddiebe vorläufig festgenommen - Zeugen gesucht',48.739474,9.211341,12,3),(357,'2021-02-05','Mutmaßlicher Fahrraddieb vorläufig festgenommen - Fahrradeigentümer gesucht',48.764905,9.168376,12,3),(358,'2021-05-07','Mutmaßlich medizinischer Notfall im Straßenverkehr',48.740689,9.227362,12,2),(359,'2021-03-14','Ohne Fahrschein unterwegs - Jugendlicher wehrt sich gegen Kontrolle',48.777710,9.190321,12,5),(360,'2021-02-05','Pedelec-Fahrer bei Zusammenstoß schwer verletzt',48.757107,9.191092,12,2),(361,'2021-04-20','Pkw ausgebrannt',48.757107,9.191092,12,9),(362,'2021-04-21','Staatsanwaltschaft und Polizei Stuttgart geben bekannt: Mutmaßliche Rauschgifthändler festgenommen',48.738357,9.228789,12,5),(363,'2021-01-18','Unbekannte rauben Bargeld - Zeugen gesucht',48.757107,9.191092,12,3),(364,'2021-02-11','Gestürzter Radfahrer schwer verletzt',48.847905,9.155089,13,2),(365,'2021-05-07','Pkw mutmaßlich alleinbeteiligt von Fahrbahn abgekommen',48.849087,9.157431,13,2),(366,'2021-05-02','Rabiater mutmaßlicher Einbrecher geflüchtet - Zeugen gesucht',48.850163,9.154809,13,1),(367,'2021-04-28','Roller gestohlen - Zeugen gesucht',48.849000,9.163882,13,3),(368,'2021-03-15','Tresor entwendet - Zeugen gesucht',48.835042,9.151742,13,1),(369,'2021-01-26','Der Startschuss für die präventive Videoüberwachung fällt - Kameras gehen in Betrieb',48.777566,9.180043,14,4),(370,'2021-05-17','Erfolgreiche Kontrollen zur Bekämpfung von Zweiraddiebstählen',48.794997,9.202136,14,3),(371,'2021-04-15','Nach Autodiebstahl und Unfallflucht - Tatverdächtigen vorläufig festgenommen - Zeugen gesucht',48.775583,9.237502,14,3),(372,'2021-03-03','Staatsanwaltschaft und Polizei Stuttgart geben bekannt: Falschen Heizungsmonteur festgenommen',48.731573,9.150306,14,1),(373,'2021-02-12','Staatsanwaltschaft und Polizei Stuttgart geben bekannt: Mutmaßlichen Räuber festgenommen - Zeugen gesucht',48.783045,9.181660,14,3),(374,'2021-04-04','Unbekannte versucht Kind aus Kinderwagen zu nehmen - Tatverdächtige ermittelt und vorläufig festgenommen',48.783045,9.181660,14,4),(375,'2021-02-17','49-Jähriger onaniert offenbar in der Öffentlichkeit - Tatverdächtiger vorläufig festgenommen',48.757846,9.129233,17,4),(376,'2021-04-27','Auffahrunfall - Zeugen gesucht',48.765637,9.115046,17,2),(377,'2021-04-16','Auto durchsucht und geflüchtet - Zeugen gesucht',48.740500,9.118391,17,3),(378,'2021-05-01','Auto kollidiert mit Zahnradbahn',48.762166,9.165010,17,2),(379,'2021-06-08','Autos aufgebrochen - Zeugen gesucht',48.760524,9.169926,17,1),(380,'2021-04-11','Autos zerkratzt - Zeugen und weitere Geschädigte gesucht',48.739157,9.131378,17,9),(381,'2021-04-23','Baumaschinenbrand - Zeugen gesucht',48.765755,9.162759,17,6),(382,'2021-05-15','Brand in leerstehendem Haus - Zeugen gesucht',48.757152,9.146015,17,6),(383,'2021-02-24','Einbrecher unterwegs - Zeugen gesucht',48.823264,9.118105,17,1),(384,'2021-05-29','Einbruch in Theater - Zeugen gesucht',48.763624,9.168178,17,1),(385,'2021-03-29','Fußgänger angefahren und anschließend geflüchtet - Zeugen gesucht -',48.758295,9.173399,17,2),(386,'2021-03-17','Glatteisunfall',48.763163,9.169882,17,2),(387,'2021-01-27','Graffitisprayer auf frischer Tat ertappt',48.764905,9.168376,17,9),(388,'2021-02-07','Ladung Verloren',48.754500,9.159773,17,2),(389,'2021-06-07','Mit Softairpistole hantiert - Zeugen gesucht',48.757152,9.146015,17,8),(390,'2021-05-27','Mutmaßlicher Unfallverursacher geflüchtet',48.767361,9.183205,17,2),(391,'2021-02-11','Nach Unfall geflüchtet - Zeugen gesucht',48.771331,9.177230,17,2),(392,'2021-03-03','Polizeieinsatz nach mutmaßlicher Bedrohung',48.762697,9.176876,17,7),(393,'2021-04-01','Rauch in Gartenhütte - Zwei Leichtverletzte',48.766400,9.169439,17,6),(394,'2021-03-15','Sachbeschädigungen durch Graffiti - Zeugen und Geschädigte gesucht',48.762432,9.164900,17,9),(395,'2021-02-21','Staatsanwaltschaft und Polizei Stuttgart geben bekannt: Nach Griff in Kasse - Rabiater Tatverdächtiger festgenommen',48.771576,9.181425,17,3),(396,'2021-06-04','Unbekannte beschädigten Zaun - Zeugen gesucht',48.765637,9.115046,17,9),(397,'2021-04-23','Unbekannter schlägt 16-Jährigen ins Gesicht - Zeugen gesucht',48.764449,9.167732,17,3),(398,'2021-01-31','Wohnungseinbruch mit hohem Schaden- Zeugen gesucht',48.773455,9.187294,17,1),(399,'2021-02-20','Auto mit Kind zusammengestoßen - Polizei sucht Unfallbeteiligte und Zeugen',48.778423,9.251804,19,2),(400,'2021-01-02','Einbruch in Gartenhaus',48.793019,9.259647,19,1),(401,'2021-02-02','Gartenhütte abgebrannt - Zeugen gesucht',48.782735,9.270432,19,6),(402,'2021-02-21','Lastwagenfahrer verursacht offenbar unter Alkoholeinfluss mehrere Unfälle',48.777182,9.255879,19,2),(403,'2021-05-07','Mit offenbar gefälschten Führerscheinen unterwegs',48.763665,9.268288,19,8),(404,'2021-06-04','Mutmaßlich in Gartenhäuser eingebrochen - Zeugen gesucht',48.763665,9.268288,19,1),(405,'2021-03-07','Offenbar Rotlicht missachtet',48.778511,9.251055,19,2),(406,'2021-05-11','Sachbeschädigungen durch Graffiti - Zeugen gesucht',48.778053,9.251795,19,9),(407,'2021-04-05','Staatsanwaltschaft und Polizei Stuttgart geben bekannt: Mutmaßlichen rabiaten Dieb festgenommen',48.780768,9.250389,19,3),(408,'2021-03-05','Stadtbahn kollidiert mit Lastwagen',48.778511,9.251055,19,2),(409,'2021-05-16','13-Jährige attackiert - Zeugen gesucht',48.777271,9.179009,20,7),(410,'2021-03-05','18-jährige belästigt - Zeugen gesucht',48.720670,9.092613,20,4),(411,'2021-05-14','BMW verfolgt Rettungswagen - Zeugen und mögliche Geschädigte gesucht',48.718081,9.119995,20,2),(412,'2021-04-30','Brand an Gasleitung',48.731263,9.107382,20,6),(413,'2021-01-28','Brand',48.751292,9.102572,20,6),(414,'2021-02-12','Einbrecher unterwegs - Zeugen gesucht',48.732901,9.120185,20,1),(415,'2021-04-14','Einbrüche in Mehrfamilienhäuser - Zeugen gesucht',48.729518,9.101519,20,1),(416,'2021-05-30','Ein Schwerverletzter nach Brand in Mehrfamilienhaus',48.729865,9.118522,20,6),(417,'2021-04-24','Fahrzeug gestohlen - Zeugen gesucht',48.735516,9.105263,20,3),(418,'2021-02-18','Garagenbrand',48.724201,9.092666,20,6),(419,'2021-03-24','In Mensa eingebrochen - Zeugen gesucht',48.751292,9.102572,20,1),(420,'2021-05-01','In Mensa eingebrochen - Zeugen gesucht',48.751292,9.102572,20,1),(421,'2021-01-20','In Postfiliale eingebrochen - Zeugen gesucht',48.716481,9.105084,20,1),(422,'2021-01-14','In Schule eingebrochen - Zeugen gesucht',48.729663,9.102915,20,1),(423,'2021-02-17','Mit gefälschten Dokumenten unterwegs',48.716215,9.114306,20,5),(424,'2021-01-18','Staatsanwaltschaft und Polizei Stuttgart geben bekannt: Senior auf Abwegen',48.739274,9.094179,20,2),(425,'2021-03-28','Unfallbeteiligter gesucht',48.731903,9.090147,20,2),(426,'2021-04-01','Unfall mit Rettungswagen',48.729228,9.130042,20,2),(427,'2021-01-08','Von der Fahrbahn abgekommen und mehrere Autos beschädigt',48.728982,9.109739,20,2),(428,'2021-01-28','Auf Auto eingeschlagen - Zeugen gesucht',48.768557,9.247654,21,7),(429,'2021-02-05','Auto gestohlen - Zeugen gesucht',48.775583,9.237502,21,3),(430,'2021-05-16','Gegen Polizeiauto gefahren - Lastwagenfahrer bemerkt Unfall offenbar nicht',48.776153,9.242139,21,2),(431,'2021-04-12','Kind nach Unfall mit Lastwagen schwer verletzt - Zeugen gesucht',48.775599,9.237392,21,2),(432,'2021-02-27','Nach Unfallflucht in Gartengrundstück abgerutscht',48.768557,9.247654,21,2),(433,'2021-01-06','Staatsanwaltschaft und Polizei Stuttgart geben bekannt: Mutmaßlichen Einbrecher auf frischer Tat ertappt',48.775599,9.237392,21,1),(434,'2021-01-08','Staatsanwaltschaft und Polizei Stuttgart geben bekannt: Mutmaßliche Rauschgifthändler festgenommen',48.771692,9.245156,21,5),(435,'2021-02-21','Von Unfallstelle geflüchtet - Zeugen gesucht',48.772258,9.239363,21,2),(436,'2021-05-09','Wer hatte Grün? - Zeugen gesucht',48.760903,9.257238,21,2),(437,'2021-04-25','Auto contra Fußgängerin - 43-Jährige verletzt',48.803639,9.096593,22,2),(438,'2021-02-25','Einbrecher unterwegs - Zeugen gesucht',48.826057,9.131440,22,1),(439,'2021-05-22','Einbruch in Tankstelle - Zeugen gesucht',48.814224,9.128037,22,1),(440,'2021-05-21','Exhibitionist belästigt Familie mit Kinder - Zeugen gesucht',48.787378,9.083147,22,4),(441,'2021-04-03','Fahrzeug gestohlen - Zeugen gesucht',48.820201,9.105758,22,3),(442,'2021-01-05','Fußgänger und Radfahrer nach Unfall verletzt',48.814224,9.128037,22,2),(443,'2021-03-20','In Auto eingebrochen - Zeugen gesucht',48.818350,9.097392,22,1),(444,'2021-05-14','In Bäckerei eingebrochen - Zeugen gesucht',48.803639,9.096593,22,1),(445,'2021-06-04','Kradfahrer mutmaßlich alleinbeteiligt gestürzt',48.823607,9.113385,22,2),(446,'2021-04-18','Ladung verloren',48.823184,9.092938,22,2),(447,'2021-04-16','Mutmaßlichen Exhibitionist identifiziert',48.787378,9.083147,22,4),(448,'2021-02-02','Rabiate Ladendiebin geflüchtet - Zeugen gesucht',48.813183,9.123351,22,3),(449,'2021-05-07','Trickdieb unterwegs - Zeugen gesucht',48.808762,9.106761,22,3),(450,'2021-03-19','Zigarettenautomat aufgebrochen - Zeugen gesucht',48.823444,9.098603,22,1),(451,'2021-01-23','14-Jährige sexuell belästigt - Rabiater Tatverdächtiger in Gewahrsam genommen - Zeugen gesucht',48.783425,9.157627,18,4),(452,'2021-01-18','Brand in Mehrfamilienhaus',48.775477,9.147826,18,6),(453,'2021-01-10','Einbrecher unterwegs - Zeugen gesucht',48.774664,9.167525,18,1),(454,'2021-01-31','Exhibitionist belästigt Frau - Zeugen gesucht',48.774310,9.150988,18,4),(455,'2021-04-08','Fahrradfahrer zusammengestoßen',48.774664,9.167525,18,2),(456,'2021-04-09','Frau überfallen - Zeugen gesucht',48.778025,9.151728,18,3),(457,'2021-03-12','In Garage eingebrochen - Zeugen gesucht',48.780964,9.142934,18,1),(458,'2021-02-18','Kradlenker angefahren',48.782208,9.160597,18,2),(459,'2021-03-14','Mercedesstern abgerissen - Zwei Tatverdächtige vorläufig festgenommen',48.771405,9.159468,18,9),(460,'2021-04-28','Mit Messer bedroht',48.773874,9.165608,18,7),(461,'2021-02-26','Mit Stadtbahn kollidiert',48.767800,9.160027,18,2),(462,'2021-05-06','Motorradfahrer bei Unfall schwer verletzt',48.778025,9.151728,18,2),(463,'2021-01-30','Mountainbike aus Keller gestohlen - Zeugen gesucht',48.770816,9.164055,18,3),(464,'2021-04-06','Mülltonnenbrand',48.775482,9.159754,18,9),(465,'2021-04-28','Mutmaßliche Einbrecher festgenommen - Zeugen gesucht',48.767335,9.161443,18,1),(466,'2021-06-09','Mutmaßlicher Rauschgifthändler vorläufig festgenommen',48.774664,9.167525,18,5),(467,'2021-04-16','Party aufgelöst',48.774736,9.163741,18,6),(468,'2021-01-28','Staatsanwaltschaft und Polizei Stuttgart geben bekannt: Mutmaßliche Einbrecher auf frischer Tat ertappt und festgenommen',48.767800,9.160027,18,1),(469,'2021-03-09','Transporter aufgebrochen und geflüchtet - Zeugen gesucht',48.778254,9.155969,18,1),(470,'2021-01-28','Unfallflucht mit verletztem Jungen - Zeugen gesucht',48.774664,9.167525,18,2),(471,'2021-04-26','Vermisstensuche nach 68-jährigem Mann',48.767992,9.158028,18,6),(472,'2021-05-01','Wer hatte Grün? - Zeugen gesucht',48.774548,9.140726,18,2),(473,'2021-01-29','Autos angehalten und Polizisten beleidigt - Zeugen gesucht',48.838137,9.146501,23,9),(474,'2021-04-01','Autos durchwühlt - Zeugen gesucht',48.838244,9.149208,23,3),(475,'2021-04-30','Bei Arbeitsunfall mehrere Arbeiter leicht verletzt',48.833941,9.149803,23,2),(476,'2021-04-25','Diebstahl aus Fahrzeug - Zeugen gesucht',48.838677,9.158699,23,3),(477,'2021-01-20','Einbrecher unterwegs - Zeugen gesucht',48.831831,9.153821,23,1),(478,'2021-06-01','Einbrüche in Schule und Kaufhaus- Zeugen gesucht',48.829511,9.196585,23,1),(479,'2021-05-26','Einbruch in Baustellen - Zeugen gesucht',48.827612,9.174042,23,1),(480,'2021-05-27','Essen auf Herd',48.833749,9.179150,23,9),(481,'2021-05-13','In Baucontainer eingestiegen - Zeugen gesucht',48.827774,9.176705,23,1),(482,'2021-02-24','In Hotel eingebrochen - Zeugen gesucht',48.831824,9.176032,23,1),(483,'2021-06-06','Kopfhörer geraubt - Zeugen gesucht',48.827677,9.173597,23,3),(484,'2021-05-14','Lkw mit Anhänger in Gleisbett festgefahren',48.827612,9.174042,23,6),(485,'2021-04-25','Nach Unfall davongefahren - Zeugen gesucht',48.838137,9.146501,23,2),(486,'2021-01-13','Nach Unfall geflüchtet - Zeugen gesucht',48.834060,9.178070,23,2),(487,'2021-03-31','Radfahrer bei Unfall schwer verletzt',48.837450,9.157745,23,2),(488,'2021-04-07','Radfahrer bei Zusammenstoß schwer verletzt',48.827612,9.174042,23,2),(489,'2021-01-23','Radfahrer beraubt Frau - Zeugen gesucht',48.827612,9.174042,23,3),(490,'2021-03-02','Rollerdiebe festgenommen',48.836453,9.167985,23,3),(491,'2021-02-06','Staatsanwaltschaft und Polizei Stuttgart geben bekannt: 26-Jähriger flüchtet vor Prüfpersonal',48.832494,9.169702,23,7),(492,'2021-05-26','Staatsanwaltschaft und Polizei Stuttgart geben bekannt: Mutmaßlicher Rauschgifthändler in Haft',48.832892,9.168313,23,5),(493,'2021-01-25','Staatsanwaltschaft und Polizei Stuttgart geben bekannt: Rabiaten mutmaßlichen Ladendieb festgenommen',48.827612,9.174042,23,3),(494,'2021-05-22','Streifenwagen beschädigt - Zeugen gesucht',48.832075,9.174890,23,9),(495,'2021-04-27','Tresor gestohlen - Zeugen gesucht',48.834060,9.178070,23,1),(496,'2021-05-14','Unbekannte beschädigten Auto - Zeugen gesucht',48.841874,9.192169,23,9);
/*!40000 ALTER TABLE `crime` ENABLE KEYS */;
UNLOCK TABLES;

--
-- Table structure for table `district`
--

DROP TABLE IF EXISTS `district`;
/*!40101 SET @saved_cs_client     = @@character_set_client */;
/*!50503 SET character_set_client = utf8mb4 */;
CREATE TABLE `district` (
  `id` bigint NOT NULL,
  `name` varchar(255) DEFAULT NULL,
  PRIMARY KEY (`id`)
) ENGINE=InnoDB DEFAULT CHARSET=utf8mb4 COLLATE=utf8mb4_0900_ai_ci;
/*!40101 SET character_set_client = @saved_cs_client */;

--
-- Dumping data for table `district`
--

LOCK TABLES `district` WRITE;
/*!40000 ALTER TABLE `district` DISABLE KEYS */;
INSERT INTO `district` VALUES (1,'Bad Cannstatt'),(2,'Birkach'),(3,'Botnang'),(4,'Degerloch'),(5,'Feuerbach'),(6,'Hedelfingen'),(7,'Möhringen'),(8,'Mühlhausen'),(9,'Münster'),(10,'Obertürkheim'),(11,'Plieningen'),(12,'Sillenbuch'),(13,'Stammheim'),(14,'Stuttgart‐Mitte'),(15,'Stuttgart‐Nord'),(16,'Stuttgart‐Ost'),(17,'Stuttgart‐Süd'),(18,'Stuttgart‐West'),(19,'Untertürkheim'),(20,'Vaihingen'),(21,'Wangen'),(22,'Weilimdorf'),(23,'Zuffenhausen');
/*!40000 ALTER TABLE `district` ENABLE KEYS */;
UNLOCK TABLES;

--
-- Table structure for table `hibernate_sequence`
--

DROP TABLE IF EXISTS `hibernate_sequence`;
/*!40101 SET @saved_cs_client     = @@character_set_client */;
/*!50503 SET character_set_client = utf8mb4 */;
CREATE TABLE `hibernate_sequence` (
  `next_val` bigint DEFAULT NULL
) ENGINE=InnoDB DEFAULT CHARSET=utf8mb4 COLLATE=utf8mb4_0900_ai_ci;
/*!40101 SET character_set_client = @saved_cs_client */;

--
-- Dumping data for table `hibernate_sequence`
--

LOCK TABLES `hibernate_sequence` WRITE;
/*!40000 ALTER TABLE `hibernate_sequence` DISABLE KEYS */;
INSERT INTO `hibernate_sequence` VALUES (214);
/*!40000 ALTER TABLE `hibernate_sequence` ENABLE KEYS */;
UNLOCK TABLES;

--
-- Table structure for table `offense`
--

DROP TABLE IF EXISTS `offense`;
/*!40101 SET @saved_cs_client     = @@character_set_client */;
/*!50503 SET character_set_client = utf8mb4 */;
CREATE TABLE `offense` (
  `id` bigint NOT NULL,
  `name` varchar(255) DEFAULT NULL,
  PRIMARY KEY (`id`)
) ENGINE=InnoDB DEFAULT CHARSET=utf8mb4 COLLATE=utf8mb4_0900_ai_ci;
/*!40101 SET character_set_client = @saved_cs_client */;

--
-- Dumping data for table `offense`
--

LOCK TABLES `offense` WRITE;
/*!40000 ALTER TABLE `offense` DISABLE KEYS */;
INSERT INTO `offense` VALUES (1,'Burglary'),(2,'Accident'),(3,'Property crime'),(4,'Sex crime'),(5,'Drugs'),(6,'Fire'),(7,'Violent act'),(8,'Drunkenness'),(9,'Damage to property');
/*!40000 ALTER TABLE `offense` ENABLE KEYS */;
UNLOCK TABLES;
/*!40103 SET TIME_ZONE=@OLD_TIME_ZONE */;

/*!40101 SET SQL_MODE=@OLD_SQL_MODE */;
/*!40014 SET FOREIGN_KEY_CHECKS=@OLD_FOREIGN_KEY_CHECKS */;
/*!40014 SET UNIQUE_CHECKS=@OLD_UNIQUE_CHECKS */;
/*!40101 SET CHARACTER_SET_CLIENT=@OLD_CHARACTER_SET_CLIENT */;
/*!40101 SET CHARACTER_SET_RESULTS=@OLD_CHARACTER_SET_RESULTS */;
/*!40101 SET COLLATION_CONNECTION=@OLD_COLLATION_CONNECTION */;
/*!40111 SET SQL_NOTES=@OLD_SQL_NOTES */;

-- Dump completed on 2021-06-23  9:15:29
